﻿<?xml version="1.0" encoding="utf-8"?>
<ConversionLog Date="7/3/2024 1:59:30 PM">
  <WorksheetData SourceVersion="14/15" Source="D:\dev\repos\Pdg\Hatch.Pdg.Structural.Design\MathcadPrime\I_3_B.xmcd" Destination="D:\dev\repos\Pdg\Hatch.Pdg.Structural.Design\MathcadPrime\I_3_B.mcdx" />
  <Worksheet SourceRegionCount="204" WorksheetIssueCount="0" RegionsWithIssueCount="2"><IssueGroup Category="Calculation Differences" Count="1"><ConversionIssue Count="1" Text="The conversion has changed the math font. Upon recalculation, check that your results have not changed." /></IssueGroup><IssueGroup Category="Display Differences" Count="1"><ConversionIssue Count="1" Text="An instance of 'otherwise' was converted to an equivalent 'if' expression." /></IssueGroup></Worksheet>
</ConversionLog>